Paulo;Bichara;Java Software Engineer;paulo.bichara@sample1.com;Sample Company 1
John;Smith;Java Software Engineer;john.smith@sample1.com;Sample Company 1
Chris;Johnson;VP Engineering;chris.johnson@sample1.com;Sample Company 1
Tom;Jenkins;Coordinator;tom.jenkins@sample2.com;Sample Company 2
Mark;Karlson;Manager;mark.karlson@sample3.com;Sample Company 3
Adrianna;Jahns;VP Engineering;adrianna.jahns@sample2.com;Sample Company 2
Sadie;Joesph;Java Software Engineer;sadie.joesph@sample3.com;Sample Company 3
Meri;Bonar;Coordinator;meri.bonar@sample1.com;Sample Company 1
Cory;Camargo;Java Software Engineer;cory.camargo@sample2.com;Sample Company 2
Bronwyn;Pasha;VP Engineering;bronwyn.pasha@sample3.com;Sample Company 3
Emelina;Burtt;Java Software Engineer;emelina.burtt@sample1.com;Sample Company 1
Eilene;Opitz;Coordinator;eilene.opitz@sample1.com;Sample Company 1
Kristopher;Heuser;Manager;kristopher.heuser@sample2.com;Sample Company 2
Isa;Sandstrom;Coordinator;isa.sandstrom@sample1.com;Sample Company 1
Lu;Hollis;Java Software Engineer;lu.hollis@sample2.com;Sample Company 2
Malcom;Deming;Manager;malcom.deming@sample1.com;Sample Company 1
Donte;Taub;Coordinator;donte.taub@sample3.com;Sample Company 3
Minda;Barrette;Java Software Engineer;minda.barrette@sample2.com;Sample Company 2
Eleanore;Ashley;Manager;eleanore.ashley@sample1.com;Sample Company 1
Joana;Glotfelty;VP Engineering;joana.glotfelty@sample3.com;Sample Company 3
Carlie;Hennessee;Java Software Engineer;carlie.hennessee@sample3.com;Sample Company 3
Mariano;Hultquist;Manager;mariano.hultquist@sample3.com;Sample Company 3
Kizzie;Culotta;Coordinator;kizzie.culotta@sample2.com;Sample Company 2
Jeanna;Overholt;Manager;jeanna.overholt@sample1.com;Sample Company 1
Samira;Flohr;Java Software Engineer;samira.flohr@sample3.com;Sample Company 3
Cristina;Bickerstaff;Coordinator;cristina.bickerstaff@sample1.com;Sample Company 1
Teresia;Prieto;Manager;teresia.prieto@sample2.com;Sample Company 2
Kyong;Lard;Java Software Engineer;kyong.lard@sample3.com;Sample Company 3
Dovie;Wise;Manager;dovie.wise@sample2.com;Sample Company 2
Velda;Zanchez;Java Software Engineer;velda.zanchez@sample3.com;Sample Company 3
Dawn;Vanzant;Coordinator;dawn.vanzant@sample2.com;Sample Company 2
Shawanda;Vail;VP Engineering;shawanda.vail@sample1.com;Sample Company 1
Lilla;Autin;Java Software Engineer;lilla.autin@sample3.com;Sample Company 3
Cherrie;Wisneski;Manager;cherrie.wisneski@sample1.com;Sample Company 1
Nadine;Yeadon;Coordinator;nadine.yeadon@sample3.com;Sample Company 3
Alayna;Pietrzak;Manager;alayna.pietrzak@sample2.com;Sample Company 2
Clarisa;Arocho;Java Software Engineer;clarisa.arocho@sample3.com;Sample Company 3
Mirta;Tapp;Manager;mirta.tapp@sample2.com;Sample Company 2
Troy;Hains;Coordinator;troy.hains@sample1.com;Sample Company 1
Hailey;Wherry;Java Software Engineer;hailey.wherry@sample3.com;Sample Company 3
Kevin;Guion;Manager;kevin.guion@sample2.com;Sample Company 2
Racquel;Alers;Coordinator;racquel.alers@sample3.com;Sample Company 3
Grady;Farrelly;Manager;grady.farrelly@sample2.com;Sample Company 2
Masako;Conerly;Manager;masako.conerly@sample1.com;Sample Company 1
Deon;Rhem;Java Software Engineer;deon.rhem@sample3.com;Sample Company 3
Olevia;Huffer;Manager;olevia.huffer@sample1.com;Sample Company 1
Myron;Durgan;VP Engineering;myron.durgan@sample3.com;Sample Company 3
Venice;Fleenor;Java Software Engineer;venice.fleenor@sample3.com;Sample Company 3
Bernita;Vandenburg;Manager;bernita.vandenburg@sample1.com;Sample Company 1
Gracia;Lunceford;Coordinator;gracia.lunceford@sample3.com;Sample Company 3
Minerva;Barnett;Manager;minerva.barnett@sample2.com;Sample Company 2
Logan;Carlen;Java Software Engineer;logan.carlen@sample3.com;Sample Company 3
Faviola;Dahn;Manager;faviola.dahn@sample1.com;Sample Company 1
German;Nobriga;Manager;german.nobriga@sample3.com;Sample Company 3
Linh;Krell;Manager;linh.krell@sample1.com;Sample Company 1
